External API,20-07-2023 00:00,19-08-2023 15:20,30,29
Internal API,20-07-2023 00:00,19-08-2023 15:21,30,29
Kube Controller Manager,20-07-2023 00:00,19-08-2023 15:21,30,29
Kube Scheduler,20-07-2023 00:00,19-08-2023 15:21,30,29
ETCD cert peer on ip-10-0-158-187.ap-southeast-1.compute.internal,20-07-2023 00:00,19-07-2026 15:20,1095,1094
ETCD cert serving on ip-10-0-158-187.ap-southeast-1.compute.internal,20-07-2023 00:00,19-07-2026 15:20,1095,1094
ETCD cert serving-metrics on ip-10-0-158-187.ap-southeast-1.compute.internal,20-07-2023 00:00,19-07-2026 15:20,1095,1094
Service-signer certificates,20-07-2023 00:00,17-09-2025 15:20,790,789
Ingress <ingress-certs-2023-07-20>,20-07-2023 00:00,18-10-2023 14:40,90,89
Ingress <router-metrics-certs-default>,20-07-2023 00:00,19-07-2025 15:22,730,729
Monitoring <alertmanager-main-tls>,20-07-2023 00:00,19-07-2025 15:33,730,729
Monitoring <cluster-monitoring-operator-tls>,20-07-2023 00:00,19-07-2025 15:21,730,729
Monitoring <grafana-tls>,20-07-2023 00:00,19-07-2025 15:28,730,729
Monitoring <kube-state-metrics-tls>,20-07-2023 00:00,19-07-2025 15:22,730,729
Monitoring <node-exporter-tls>,20-07-2023 00:00,19-07-2025 15:22,730,729
Monitoring <openshift-state-metrics-tls>,20-07-2023 00:00,19-07-2025 15:22,730,729
Monitoring <prometheus-adapter-tls>,20-07-2023 00:00,19-07-2025 15:22,730,729
Monitoring <prometheus-k8s-thanos-sidecar-tls>,20-07-2023 00:00,19-07-2025 15:28,730,729
Monitoring <prometheus-k8s-tls>,20-07-2023 00:00,19-07-2025 15:28,730,729
Monitoring <prometheus-operator-tls>,20-07-2023 00:00,19-07-2025 15:21,730,729
Monitoring <telemeter-client-tls>,20-07-2023 00:00,19-07-2025 15:22,730,729
Monitoring <thanos-querier-tls>,20-07-2023 00:00,19-07-2025 15:22,730,729
Monitoring <kube-etcd-client-certs CA>,20-07-2023 00:00,17-07-2033 14:57,3650,3649
Monitoring <kube-etcd-client-certs Client Cert>,20-07-2023 00:00,17-07-2033 14:57,3650,3649
Monitoring <prometheus-k8s-grpc-tls> Server CA,20-07-2023 00:00,19-07-2025 15:22,730,729
Monitoring <prometheus-k8s-grpc-tls> CA,20-07-2023 00:00,19-07-2025 15:22,730,729
Monitoring <thanos-querier-grpc-tls> CA,20-07-2023 00:00,19-07-2025 15:22,730,729
Monitoring <thanos-querier-grpc-tls> Client Cert,20-07-2023 00:00,19-07-2025 15:22,730,729
Monitoring <grpc-tls CA>,20-07-2023 00:00,19-07-2025 15:22,730,729
Monitoring <grpc-tls Prometheus Server>,20-07-2023 00:00,19-07-2025 15:22,730,729
Monitoring <grpc-tls Querier-Client>,20-07-2023 00:00,19-07-2025 15:22,730,729
